id,sta,ymd,ydec,doy,x,y,z,zone,utm_e,utm_n,lat,lon,ell_h,msl_h
NKBI167,NKBI,2020-06-15 00:00:00,2020.4562842,167,-1004107.40401,6237146.54794,874718.73941,47,516034.1321,877174.7526,7.935542105022,99.145478453877,-8.8867,12.4267
NKBI168,NKBI,2020-06-16 00:00:00,2020.4590164,168,-1004107.40628,6237146.54474,874718.73647,47,516034.1348,877174.7500,7.935542082189,99.145478478783,-8.8898,12.4235
NKBI169,NKBI,2020-06-17 00:00:00,2020.4617486,169,-1004107.40783,6237146.55147,874718.73718,47,516034.1353,877174.7498,7.935542079990,99.145478483017,-8.8829,12.4304
NKBI170,NKBI,2020-06-18 00:00:00,2020.4644809,170,-1004107.40727,6237146.55310,874718.73791,47,516034.1345,877174.7503,7.935542084623,99.145478475640,-8.8813,12.4320
NKBI172,NKBI,2020-06-20 00:00:00,2020.4699454,172,-1004107.40534,6237146.54693,874718.73840,47,516034.1336,877174.7517,7.935542096953,99.145478467249,-8.8876,12.4258
NKBI173,NKBI,2020-06-21 00:00:00,2020.4726776,173,-1004107.40747,6237146.55053,874718.73814,47,516034.1351,877174.7509,7.935542089804,99.145478481089,-8.8838,12.4296
NKBI174,NKBI,2020-06-22 00:00:00,2020.4754098,174,-1004107.40268,6237146.55279,874718.74012,47,516034.1300,877174.7526,7.935542105669,99.145478434988,-8.8820,12.4313
NKBI176,NKBI,2020-06-24 00:00:00,2020.4808743,176,-1004107.40262,6237146.54734,874718.73966,47,516034.1308,877174.7529,7.935542108270,99.145478442293,-8.8874,12.4259
NKBI177,NKBI,2020-06-25 00:00:00,2020.4836066,177,-1004107.40382,6237146.55975,874718.73946,47,516034.1300,877174.7510,7.935542090929,99.145478435105,-8.8751,12.4382
NKBI178,NKBI,2020-06-26 00:00:00,2020.4863388,178,-1004107.40829,6237146.54310,874718.73550,47,516034.1371,877174.7493,7.935542075127,99.145478499150,-8.8913,12.4221
NKBI181,NKBI,2020-06-29 00:00:00,2020.4945355,181,-1004107.40137,6237146.54891,874718.73792,47,516034.1293,877174.7510,7.935542090979,99.145478428823,-8.8863,12.4270
NKBI182,NKBI,2020-06-30 00:00:00,2020.4972678,182,-1004107.40764,6237146.55079,874718.73517,47,516034.1352,877174.7479,7.935542062792,99.145478482220,-8.8839,12.4295
NKBI183,NKBI,2020-07-01 00:00:00,2020.5000000,183,-1004107.40566,6237146.55241,874718.73911,47,516034.1330,877174.7516,7.935542096509,99.145478462161,-8.8821,12.4313
NKBI184,NKBI,2020-07-02 00:00:00,2020.5027322,184,-1004107.40899,6237146.54671,874718.73911,47,516034.1372,877174.7523,7.935542102840,99.145478500210,-8.8871,12.4262
NKBI185,NKBI,2020-07-03 00:00:00,2020.5054645,185,-1004107.40499,6237146.54443,874718.73851,47,516034.1336,877174.7521,7.935542101107,99.145478467666,-8.8901,12.4233
NKBI186,NKBI,2020-07-04 00:00:00,2020.5081967,186,-1004107.40356,6237146.54307,874718.73517,47,516034.1324,877174.7490,7.935542073126,99.145478456820,-8.8921,12.4213
NKBI187,NKBI,2020-07-05 00:00:00,2020.5109290,187,-1004107.40319,6237146.54276,874718.73645,47,516034.1321,877174.7504,7.935542085100,99.145478453983,-8.8923,12.4211
NKBI188,NKBI,2020-07-06 00:00:00,2020.5136612,188,-1004107.40501,6237146.54463,874718.73844,47,516034.1336,877174.7520,7.935542100231,99.145478467607,-8.8899,12.4235
NKBI189,NKBI,2020-07-07 00:00:00,2020.5163934,189,-1004107.40567,6237146.54466,874718.73696,47,516034.1343,877174.7505,7.935542086779,99.145478473467,-8.8899,12.4234
NKBI190,NKBI,2020-07-08 00:00:00,2020.5191257,190,-1004107.40679,6237146.53938,874718.73579,47,516034.1362,877174.7501,7.935542082638,99.145478491062,-8.8951,12.4183
NKBI191,NKBI,2020-07-09 00:00:00,2020.5218579,191,-1004107.40346,6237146.54641,874718.73355,47,516034.1318,877174.7470,7.935542054534,99.145478451099,-8.8891,12.4243
NKBI192,NKBI,2020-07-10 00:00:00,2020.5245902,192,-1004107.40466,6237146.53837,874718.73530,47,516034.1343,877174.7498,7.935542079919,99.145478473462,-8.8965,12.4169
NKBI193,NKBI,2020-07-11 00:00:00,2020.5273224,193,-1004107.40759,6237146.54366,874718.73466,47,516034.1363,877174.7484,7.935542067036,99.145478492096,-8.8909,12.4224
NKBI195,NKBI,2020-07-13 00:00:00,2020.5327869,195,-1004107.40798,6237146.55570,874718.73785,47,516034.1348,877174.7499,7.935542080749,99.145478478218,-8.8787,12.4347
NKBI196,NKBI,2020-07-14 00:00:00,2020.5355191,196,-1004107.40503,6237146.54795,874718.73652,47,516034.1331,877174.7497,7.935542078964,99.145478463009,-8.8869,12.4265
NKBI197,NKBI,2020-07-15 00:00:00,2020.5382514,197,-1004107.40537,6237146.55335,874718.73652,47,516034.1326,877174.7489,7.935542072185,99.145478458233,-8.8816,12.4318
NKBI198,NKBI,2020-07-16 00:00:00,2020.5409836,198,-1004107.40049,6237146.54530,874718.73441,47,516034.1290,877174.7481,7.935542064233,99.145478426156,-8.8905,12.4229
NKBI199,NKBI,2020-07-17 00:00:00,2020.5437158,199,-1004107.40418,6237146.55293,874718.73629,47,516034.1315,877174.7488,7.935542070930,99.145478448189,-8.8822,12.4312
NKBI200,NKBI,2020-07-18 00:00:00,2020.5464481,200,-1004107.40744,6237146.54172,874718.73776,47,516034.1365,877174.7517,7.935542097214,99.145478493563,-8.8924,12.4209
NKBI201,NKBI,2020-07-19 00:00:00,2020.5491803,201,-1004107.40667,6237146.53110,874718.73283,47,516034.1374,877174.7483,7.935542066326,99.145478501931,-8.9036,12.4097
NKBI202,NKBI,2020-07-20 00:00:00,2020.5519126,202,-1004107.41235,6237146.54898,874718.73686,47,516034.1402,877174.7497,7.935542079272,99.145478527002,-8.8847,12.4287
NKBI205,NKBI,2020-07-23 00:00:00,2020.5601093,205,-1004107.40969,6237146.52562,874718.73097,47,516034.1413,877174.7471,7.935542055865,99.145478536930,-8.9088,12.4046
NKBI206,NKBI,2020-07-24 00:00:00,2020.5628415,206,-1004107.40954,6237146.55369,874718.73322,47,516034.1366,877174.7455,7.935542041410,99.145478495093,-8.8810,12.4323
NKBI207,NKBI,2020-07-25 00:00:00,2020.5655738,207,-1004107.40430,6237146.54799,874718.73389,47,516034.1324,877174.7471,7.935542055504,99.145478456421,-8.8873,12.4260
NKBI208,NKBI,2020-07-26 00:00:00,2020.5683060,208,-1004107.40457,6237146.53921,874718.73218,47,516034.1340,877174.7466,7.935542050930,99.145478471438,-8.8961,12.4172
NKBI209,NKBI,2020-07-27 00:00:00,2020.5710383,209,-1004107.40803,6237146.54725,874718.73336,47,516034.1362,877174.7466,7.935542050945,99.145478490842,-8.8875,12.4258
NKBI210,NKBI,2020-07-28 00:00:00,2020.5737705,210,-1004107.40265,6237146.53779,874718.73228,47,516034.1324,877174.7469,7.935542053998,99.145478456335,-8.8978,12.4156
NKBI215,NKBI,2020-08-02 00:00:00,2020.5874317,215,-1004107.40326,6237146.54368,874718.73968,47,516034.1320,877174.7534,7.935542112870,99.145478453248,-8.8909,12.4224
NKBI216,NKBI,2020-08-03 00:00:00,2020.5901639,216,-1004107.40690,6237146.55069,874718.73985,47,516034.1345,877174.7526,7.935542104983,99.145478475739,-8.8835,12.4299
NKBI218,NKBI,2020-08-05 00:00:00,2020.5956284,218,-1004107.40593,6237146.55763,874718.73659,47,516034.1325,877174.7484,7.935542067420,99.145478457083,-8.8773,12.4361
NKBI219,NKBI,2020-08-06 00:00:00,2020.5983607,219,-1004107.40422,6237146.54622,874718.73618,47,516034.1326,877174.7496,7.935542078221,99.145478458216,-8.8888,12.4246
NKBI220,NKBI,2020-08-07 00:00:00,2020.6010929,220,-1004107.40628,6237146.55058,874718.73578,47,516034.1339,877174.7486,7.935542068843,99.145478470374,-8.8842,12.4291
NKBI221,NKBI,2020-08-08 00:00:00,2020.6038251,221,-1004107.40365,6237146.53585,874718.73385,47,516034.1337,877174.7487,7.935542070189,99.145478468030,-8.8993,12.4140
NKBI222,NKBI,2020-08-09 00:00:00,2020.6065574,222,-1004107.40508,6237146.54360,874718.73436,47,516034.1338,877174.7481,7.935542064959,99.145478469725,-8.8914,12.4219
NKBI223,NKBI,2020-08-10 00:00:00,2020.6092896,223,-1004107.40247,6237146.53821,874718.73182,47,516034.1321,877174.7464,7.935542049339,99.145478454111,-8.8975,12.4159
NKBI224,NKBI,2020-08-11 00:00:00,2020.6120219,224,-1004107.39970,6237146.53654,874718.73419,47,516034.1297,877174.7490,7.935542073207,99.145478431683,-8.8992,12.4141
NKBI225,NKBI,2020-08-12 00:00:00,2020.6147541,225,-1004107.40750,6237146.55272,874718.73448,47,516034.1348,877174.7470,7.935542054268,99.145478478191,-8.8821,12.4312
NKBI226,NKBI,2020-08-13 00:00:00,2020.6174863,226,-1004107.40520,6237146.54699,874718.73905,47,516034.1334,877174.7523,7.935542102708,99.145478465898,-8.8875,12.4259
NKBI227,NKBI,2020-08-14 00:00:00,2020.6202186,227,-1004107.40501,6237146.53574,874718.73833,47,516034.1350,877174.7531,7.935542110240,99.145478480438,-8.8986,12.4148
NKBI228,NKBI,2020-08-15 00:00:00,2020.6229508,228,-1004107.40721,6237146.53022,874718.73435,47,516034.1381,877174.7499,7.935542080908,99.145478508050,-8.9042,12.4092
NKBI229,NKBI,2020-08-16 00:00:00,2020.6256831,229,-1004107.40689,6237146.53883,874718.73298,47,516034.1364,877174.7474,7.935542058093,99.145478492768,-8.8960,12.4173
NKBI230,NKBI,2020-08-17 00:00:00,2020.6284153,230,-1004107.40654,6237146.54309,874718.73491,47,516034.1354,877174.7487,7.935542070233,99.145478483544,-8.8916,12.4217
NKBI231,NKBI,2020-08-18 00:00:00,2020.6311475,231,-1004107.40638,6237146.54432,874718.73391,47,516034.1350,877174.7476,7.935542059745,99.145478480256,-8.8906,12.4228
NKBI232,NKBI,2020-08-19 00:00:00,2020.6338798,232,-1004107.40420,6237146.52953,874718.73364,47,516034.1352,877174.7494,7.935542076027,99.145478482081,-8.9054,12.4079
NKBI233,NKBI,2020-08-20 00:00:00,2020.6366120,233,-1004107.40407,6237146.53339,874718.73475,47,516034.1345,877174.7499,7.935542081202,99.145478475320,-8.9015,12.4118
NKBI234,NKBI,2020-08-21 00:00:00,2020.6393443,234,-1004107.40525,6237146.54086,874718.73017,47,516034.1345,877174.7444,7.935542030805,99.145478475196,-8.8947,12.4187
NKBI235,NKBI,2020-08-22 00:00:00,2020.6420765,235,-1004107.40470,6237146.55363,874718.73568,47,516034.1319,877174.7481,7.935542064506,99.145478451830,-8.8815,12.4319
NKBI236,NKBI,2020-08-23 00:00:00,2020.6448087,236,-1004107.40791,6237146.53958,874718.73435,47,516034.1373,877174.7486,7.935542069247,99.145478500829,-8.8949,12.4184
NKBI237,NKBI,2020-08-24 00:00:00,2020.6475410,237,-1004107.40319,6237146.54670,874718.73582,47,516034.1315,877174.7492,7.935542074607,99.145478448279,-8.8885,12.4249
NKBI238,NKBI,2020-08-25 00:00:00,2020.6502732,238,-1004107.40256,6237146.54546,874718.73522,47,516034.1311,877174.7488,7.935542070886,99.145478444438,-8.8899,12.4235
NKBI239,NKBI,2020-08-26 00:00:00,2020.6530055,239,-1004107.40395,6237146.55236,874718.73215,47,516034.1313,877174.7448,7.935542034614,99.145478446912,-8.8834,12.4300
NKBI240,NKBI,2020-08-27 00:00:00,2020.6557377,240,-1004107.40199,6237146.55162,874718.73938,47,516034.1295,877174.7521,7.935542100658,99.145478430487,-8.8834,12.4300
NKBI241,NKBI,2020-08-28 00:00:00,2020.6584699,241,-1004107.40137,6237146.54502,874718.73864,47,516034.1300,877174.7523,7.935542102302,99.145478434416,-8.8900,12.4233
NKBI242,NKBI,2020-08-29 00:00:00,2020.6612022,242,-1004107.40533,6237146.52902,874718.73736,47,516034.1364,877174.7531,7.935542109698,99.145478492943,-8.9052,12.4081
NKBI243,NKBI,2020-08-30 00:00:00,2020.6639344,243,-1004107.40704,6237146.56459,874718.74007,47,516034.1324,877174.7509,7.935542089838,99.145478457014,-8.8698,12.4435
NKBI244,NKBI,2020-08-31 00:00:00,2020.6666667,244,-1004107.40359,6237146.53727,874718.73172,47,516034.1334,877174.7464,7.935542049386,99.145478465463,-8.8982,12.4151
NKBI245,NKBI,2020-09-01 00:00:00,2020.6693989,245,-1004107.40898,6237146.54717,874718.73608,47,516034.1371,877174.7493,7.935542075213,99.145478499498,-8.8871,12.4263
NKBI246,NKBI,2020-09-02 00:00:00,2020.6721311,246,-1004107.40444,6237146.54184,874718.73469,47,516034.1335,877174.7487,7.935542070230,99.145478466500,-8.8932,12.4201
NKBI249,NKBI,2020-09-05 00:00:00,2020.6803279,249,-1004107.40201,6237146.54628,874718.73056,47,516034.1304,877174.7441,7.935542028241,99.145478438324,-8.8898,12.4235
NKBI250,NKBI,2020-09-06 00:00:00,2020.6830601,250,-1004107.40722,6237146.54461,874718.73158,47,516034.1358,877174.7452,7.935542038418,99.145478487392,-8.8905,12.4229
NKBI253,NKBI,2020-09-09 00:00:00,2020.6912568,253,-1004107.40542,6237146.54781,874718.73446,47,516034.1335,877174.7477,7.935542060598,99.145478466645,-8.8873,12.4261
NKBI255,NKBI,2020-09-11 00:00:00,2020.6967213,255,-1004107.40812,6237146.54233,874718.73143,47,516034.1370,877174.7453,7.935542039625,99.145478498750,-8.8926,12.4208
NKBI257,NKBI,2020-09-13 00:00:00,2020.7021858,257,-1004107.40672,6237146.54420,874718.73488,47,516034.1354,877174.7485,7.935542068570,99.145478483471,-8.8905,12.4228
NKBI258,NKBI,2020-09-14 00:00:00,2020.7049180,258,-1004107.40533,6237146.53490,874718.73123,47,516034.1355,877174.7462,7.935542047546,99.145478484427,-8.9003,12.4130
NKBI259,NKBI,2020-09-15 00:00:00,2020.7076503,259,-1004107.40819,6237146.54645,874718.73573,47,516034.1365,877174.7490,7.935542073112,99.145478493433,-8.8880,12.4254
NKBI260,NKBI,2020-09-16 00:00:00,2020.7103825,260,-1004107.40638,6237146.54230,874718.73368,47,516034.1353,877174.7476,7.935542060190,99.145478483226,-8.8926,12.4208
NKBI261,NKBI,2020-09-17 00:00:00,2020.7131148,261,-1004107.40687,6237146.54967,874718.73656,47,516034.1346,877174.7494,7.935542076843,99.145478476992,-8.8849,12.4284
NKBI262,NKBI,2020-09-18 00:00:00,2020.7158470,262,-1004107.40823,6237146.53973,874718.73412,47,516034.1376,877174.7484,7.935542066924,99.145478503452,-8.8948,12.4186
NKBI263,NKBI,2020-09-19 00:00:00,2020.7185792,263,-1004107.40916,6237146.54399,874718.73311,47,516034.1378,877174.7468,7.935542052476,99.145478505687,-8.8906,12.4228
NKBI264,NKBI,2020-09-20 00:00:00,2020.7213115,264,-1004107.40656,6237146.54300,874718.73095,47,516034.1354,877174.7448,7.935542034899,99.145478483842,-8.8923,12.4211
NKBI265,NKBI,2020-09-21 00:00:00,2020.7240437,265,-1004107.40728,6237146.54002,874718.73311,47,516034.1366,877174.7473,7.935542057719,99.145478494589,-8.8948,12.4186
NKBI266,NKBI,2020-09-22 00:00:00,2020.7267760,266,-1004107.40605,6237146.54082,874718.73153,47,516034.1352,877174.7457,7.935542042814,99.145478482338,-8.8944,12.4190
NKBI267,NKBI,2020-09-23 00:00:00,2020.7295082,267,-1004107.40959,6237146.54870,874718.73566,47,516034.1375,877174.7486,7.935542069424,99.145478502729,-8.8856,12.4278
NKBI268,NKBI,2020-09-24 00:00:00,2020.7322404,268,-1004107.40751,6237146.54345,874718.73145,47,516034.1363,877174.7452,7.935542038571,99.145478491712,-8.8916,12.4218
NKBI269,NKBI,2020-09-25 00:00:00,2020.7349727,269,-1004107.40997,6237146.54999,874718.73674,47,516034.1376,877174.7495,7.935542077368,99.145478504238,-8.8841,12.4293
NKBI270,NKBI,2020-09-26 00:00:00,2020.7377049,270,-1004107.40983,6237146.54536,874718.73660,47,516034.1383,877174.7500,7.935542081939,99.145478509692,-8.8887,12.4247
NKBI271,NKBI,2020-09-27 00:00:00,2020.7404372,271,-1004107.40795,6237146.53284,874718.73460,47,516034.1384,877174.7498,7.935542079776,99.145478510904,-8.9015,12.4119
NKBI272,NKBI,2020-09-28 00:00:00,2020.7431694,272,-1004107.40640,6237146.53682,874718.73549,47,516034.1362,877174.7501,7.935542083112,99.145478491310,-8.8977,12.4157
NKBI273,NKBI,2020-09-29 00:00:00,2020.7459016,273,-1004107.41047,6237146.53737,874718.73370,47,516034.1401,877174.7482,7.935542065607,99.145478526900,-8.8968,12.4166
NKBI274,NKBI,2020-09-30 00:00:00,2020.7486339,274,-1004107.40881,6237146.55033,874718.73833,47,516034.1365,877174.7511,7.935542091494,99.145478493407,-8.8837,12.4296
NKBI276,NKBI,2020-10-02 00:00:00,2020.7540984,276,-1004107.40944,6237146.55042,874718.73664,47,516034.1371,877174.7494,7.935542076129,99.145478498948,-8.8838,12.4296
NKBI277,NKBI,2020-10-03 00:00:00,2020.7568306,277,-1004107.40689,6237146.54021,874718.73270,47,516034.1362,877174.7469,7.935542053867,99.145478490811,-8.8947,12.4187
NKBI278,NKBI,2020-10-04 00:00:00,2020.7595628,278,-1004107.40540,6237146.54002,874718.73300,47,516034.1347,877174.7473,7.935542057152,99.145478477694,-8.8951,12.4183
NKBI280,NKBI,2020-10-06 00:00:00,2020.7650273,280,-1004107.40937,6237146.54005,874718.73578,47,516034.1386,877174.7499,7.935542081172,99.145478513183,-8.8940,12.4193
NKBI281,NKBI,2020-10-07 00:00:00,2020.7677596,281,-1004107.40841,6237146.54322,874718.73518,47,516034.1372,877174.7489,7.935542072069,99.145478500033,-8.8912,12.4222
NKBI282,NKBI,2020-10-08 00:00:00,2020.7704918,282,-1004107.40936,6237146.55961,874718.74251,47,516034.1355,877174.7539,7.935542117368,99.145478484951,-8.8740,12.4394
NKBI283,NKBI,2020-10-09 00:00:00,2020.7732240,283,-1004107.40755,6237146.54025,874718.73437,47,516034.1368,877174.7485,7.935542068656,99.145478496649,-8.8943,12.4190
NKBI284,NKBI,2020-10-10 00:00:00,2020.7759563,284,-1004107.40923,6237146.54196,874718.73587,47,516034.1382,877174.7498,7.935542079626,99.145478509240,-8.8922,12.4212
NKBI285,NKBI,2020-10-11 00:00:00,2020.7786885,285,-1004107.40589,6237146.53416,874718.73389,47,516034.1361,877174.7489,7.935542072236,99.145478490546,-8.9006,12.4127
NKBI286,NKBI,2020-10-12 00:00:00,2020.7814208,286,-1004107.40947,6237146.54491,874718.73730,47,516034.1380,877174.7508,7.935542088799,99.145478507081,-8.8891,12.4243
NKBI287,NKBI,2020-10-13 00:00:00,2020.7841530,287,-1004107.41293,6237146.56009,874718.73219,47,516034.1390,877174.7436,7.935542023668,99.145478516232,-8.8744,12.4390
NKBI288,NKBI,2020-10-14 00:00:00,2020.7868852,288,-1004107.40984,6237146.54257,874718.73568,47,516034.1387,877174.7495,7.935542077126,99.145478513754,-8.8915,12.4218
NKBI289,NKBI,2020-10-15 00:00:00,2020.7896175,289,-1004107.40550,6237146.53527,874718.73002,47,516034.1356,877174.7450,7.935542036266,99.145478485502,-8.9001,12.4132
NKBI290,NKBI,2020-10-16 00:00:00,2020.7923497,290,-1004107.40414,6237146.52683,874718.72893,47,516034.1356,877174.7451,7.935542037195,99.145478485440,-8.9087,12.4046
NKBI291,NKBI,2020-10-17 00:00:00,2020.7950820,291,-1004107.41012,6237146.53451,874718.73548,47,516034.1403,877174.7504,7.935542085186,99.145478527923,-8.8994,12.4140
NKBI292,NKBI,2020-10-18 00:00:00,2020.7978142,292,-1004107.40461,6237146.53429,874718.73247,47,516034.1349,877174.7475,7.935542059614,99.145478478862,-8.9009,12.4125
NKBI293,NKBI,2020-10-19 00:00:00,2020.8005464,293,-1004107.40976,6237146.53770,874718.73367,47,516034.1394,877174.7482,7.935542065129,99.145478520100,-8.8966,12.4168
NKBI294,NKBI,2020-10-20 00:00:00,2020.8032787,294,-1004107.40984,6237146.53296,874718.73208,47,516034.1402,877174.7472,7.935542056695,99.145478527643,-8.9014,12.4119
NKBI295,NKBI,2020-10-21 00:00:00,2020.8060109,295,-1004107.40719,6237146.53764,874718.73307,47,516034.1369,877174.7476,7.935542060358,99.145478497187,-8.8971,12.4162
NKBI296,NKBI,2020-10-22 00:00:00,2020.8087432,296,-1004107.41165,6237146.54086,874718.73414,47,516034.1408,877174.7481,7.935542065044,99.145478532507,-8.8931,12.4202
NKBI297,NKBI,2020-10-23 00:00:00,2020.8114754,297,-1004107.40949,6237146.54000,874718.73965,47,516034.1388,877174.7538,7.935542115915,99.145478514375,-8.8935,12.4198
NKBI298,NKBI,2020-10-24 00:00:00,2020.8142077,298,-1004107.41207,6237146.54233,874718.73613,47,516034.1409,877174.7499,7.935542080957,99.145478534102,-8.8913,12.4220
NKBI299,NKBI,2020-10-25 00:00:00,2020.8169399,299,-1004107.41143,6237146.54213,874718.73531,47,516034.1403,877174.7491,7.935542074026,99.145478528681,-8.8917,12.4216
NKBI300,NKBI,2020-10-26 00:00:00,2020.8196721,300,-1004107.40806,6237146.52608,874718.73347,47,516034.1396,877174.7496,7.935542077941,99.145478521646,-8.9082,12.4051
NKBI301,NKBI,2020-10-27 00:00:00,2020.8224044,301,-1004107.40992,6237146.53938,874718.73601,47,516034.1393,877174.7502,7.935542083929,99.145478519075,-8.8946,12.4188
NKBI302,NKBI,2020-10-28 00:00:00,2020.8251366,302,-1004107.40852,6237146.53767,874718.73490,47,516034.1382,877174.7494,7.935542076386,99.145478509075,-8.8966,12.4167
NKBI303,NKBI,2020-10-29 00:00:00,2020.8278689,303,-1004107.40615,6237146.53203,874718.73413,47,516034.1367,877174.7495,7.935542076943,99.145478495918,-8.9026,12.4107
NKBI304,NKBI,2020-10-30 00:00:00,2020.8306011,304,-1004107.41039,6237146.53489,874718.73595,47,516034.1405,877174.7508,7.935542088914,99.145478529779,-8.8989,12.4145
NKBI305,NKBI,2020-10-31 00:00:00,2020.8333333,305,-1004107.41223,6237146.53667,874718.73463,47,516034.1420,877174.7492,7.935542074447,99.145478543742,-8.8971,12.4163
NKBI306,NKBI,2020-11-01 00:00:00,2020.8360656,306,-1004107.40905,6237146.53605,874718.73952,47,516034.1390,877174.7542,7.935542119718,99.145478516086,-8.8975,12.4159
NKBI307,NKBI,2020-11-02 00:00:00,2020.8387978,307,-1004107.40670,6237146.51956,874718.73722,47,516034.1393,877174.7542,7.935542119900,99.145478518866,-8.9143,12.3991
NKBI308,NKBI,2020-11-03 00:00:00,2020.8415301,308,-1004107.40990,6237146.53544,874718.73639,47,516034.1399,877174.7512,7.935542092234,99.145478524599,-8.8984,12.4150
NKBI309,NKBI,2020-11-04 00:00:00,2020.8442623,309,-1004107.41485,6237146.53748,874718.73983,47,516034.1445,877174.7542,7.935542119555,99.145478566003,-8.8951,12.4182
NKBI310,NKBI,2020-11-05 00:00:00,2020.8469945,310,-1004107.41179,6237146.53167,874718.73604,47,516034.1424,877174.7513,7.935542093380,99.145478547021,-8.9018,12.4115
NKBI311,NKBI,2020-11-06 00:00:00,2020.8497268,311,-1004107.41091,6237146.53219,874718.73422,47,516034.1414,877174.7494,7.935542076623,99.145478538308,-8.9017,12.4117
NKBI312,NKBI,2020-11-07 00:00:00,2020.8524590,312,-1004107.41238,6237146.52709,874718.73740,47,516034.1437,877174.7532,7.935542111025,99.145478558836,-8.9060,12.4073
NKBI313,NKBI,2020-11-08 00:00:00,2020.8551913,313,-1004107.41489,6237146.55139,874718.73666,47,516034.1423,877174.7491,7.935542073969,99.145478546292,-8.8820,12.4314
NKBI314,NKBI,2020-11-09 00:00:00,2020.8579235,314,-1004107.41124,6237146.52686,874718.73611,47,516034.1426,877174.7520,7.935542100056,99.145478548965,-8.9066,12.4068
NKBI315,NKBI,2020-11-10 00:00:00,2020.8606557,315,-1004107.41392,6237146.54243,874718.73407,47,516034.1428,877174.7478,7.935542062045,99.145478550552,-8.8912,12.4221
NKBI316,NKBI,2020-11-11 00:00:00,2020.8633880,316,-1004107.41054,6237146.53656,874718.73469,47,516034.1403,877174.7493,7.935542075539,99.145478528690,-8.8974,12.4159
NKBI317,NKBI,2020-11-12 00:00:00,2020.8661202,317,-1004107.41331,6237146.52549,874718.73316,47,516034.1448,877174.7492,7.935542074846,99.145478569495,-8.9080,12.4053
NKBI319,NKBI,2020-11-14 00:00:00,2020.8715847,319,-1004107.41036,6237146.53500,874718.73518,47,516034.1404,877174.7500,7.935542081840,99.145478529364,-8.8989,12.4144
NKBI320,NKBI,2020-11-15 00:00:00,2020.8743169,320,-1004107.40800,6237146.52978,874718.73584,47,516034.1389,877174.7514,7.935542094623,99.145478515717,-8.9043,12.4091
NKBI321,NKBI,2020-11-16 00:00:00,2020.8770492,321,-1004107.40847,6237146.51742,874718.73335,47,516034.1413,877174.7506,7.935542087468,99.145478537763,-8.9166,12.3967
NKBI323,NKBI,2020-11-18 00:00:00,2020.8825137,323,-1004107.41140,6237146.53650,874718.73709,47,516034.1412,877174.7517,7.935542096913,99.145478536490,-8.8970,12.4163
NKBI324,NKBI,2020-11-19 00:00:00,2020.8852459,324,-1004107.41456,6237146.54423,874718.73808,47,516034.1431,877174.7515,7.935542095566,99.145478553690,-8.8888,12.4245
NKBI325,NKBI,2020-11-20 00:00:00,2020.8879781,325,-1004107.41666,6237146.54511,874718.73865,47,516034.1450,877174.7519,7.935542099228,99.145478571177,-8.8875,12.4258
NKBI326,NKBI,2020-11-21 00:00:00,2020.8907104,326,-1004107.41557,6237146.53720,874718.73633,47,516034.1452,877174.7507,7.935542088395,99.145478572861,-8.8958,12.4176
NKBI327,NKBI,2020-11-22 00:00:00,2020.8934426,327,-1004107.40850,6237146.53263,874718.73474,47,516034.1390,877174.7499,7.935542081156,99.145478516124,-8.9016,12.4118
NKBI328,NKBI,2020-11-23 00:00:00,2020.8961749,328,-1004107.41343,6237146.53846,874718.73317,47,516034.1429,877174.7475,7.935542058985,99.145478551845,-8.8953,12.4180
NKBI329,NKBI,2020-11-24 00:00:00,2020.8989071,329,-1004107.40934,6237146.52302,874718.73638,47,516034.1413,877174.7528,7.935542107558,99.145478537493,-8.9106,12.4027
NKBI330,NKBI,2020-11-25 00:00:00,2020.9016393,330,-1004107.41715,6237146.53519,874718.73176,47,516034.1471,877174.7464,7.935542049673,99.145478589935,-8.8981,12.4152
NKBI331,NKBI,2020-11-26 00:00:00,2020.9043716,331,-1004107.41225,6237146.53109,874718.73542,47,516034.1429,877174.7507,7.935542088400,99.145478551924,-8.9024,12.4110
NKBI332,NKBI,2020-11-27 00:00:00,2020.9071038,332,-1004107.41185,6237146.54616,874718.73097,47,516034.1401,877174.7443,7.935542030112,99.145478526589,-8.8883,12.4250
NKBI333,NKBI,2020-11-28 00:00:00,2020.9098361,333,-1004107.41301,6237146.54380,874718.73538,47,516034.1416,877174.7489,7.935542072248,99.145478540387,-8.8899,12.4235
NKBI334,NKBI,2020-11-29 00:00:00,2020.9125683,334,-1004107.40698,6237146.54506,874718.73556,47,516034.1355,877174.7491,7.935542073543,99.145478484574,-8.8896,12.4238
NKBI335,NKBI,2020-11-30 00:00:00,2020.9153005,335,-1004107.40868,6237146.54284,874718.73691,47,516034.1375,877174.7507,7.935542088013,99.145478503025,-8.8913,12.4221
NKBI336,NKBI,2020-12-01 00:00:00,2020.9180328,336,-1004107.40987,6237146.53392,874718.73069,47,516034.1401,877174.7457,7.935542043032,99.145478526510,-8.9007,12.4127
NKBI337,NKBI,2020-12-02 00:00:00,2020.9207650,337,-1004107.40866,6237146.54161,874718.73596,47,516034.1377,877174.7499,7.935542081013,99.145478504665,-8.8926,12.4208
NKBI338,NKBI,2020-12-03 00:00:00,2020.9234973,338,-1004107.41380,6237146.54827,874718.73760,47,516034.1417,877174.7505,7.935542086456,99.145478541043,-8.8850,12.4283
NKBI339,NKBI,2020-12-04 00:00:00,2020.9262295,339,-1004107.41459,6237146.52256,874718.73162,47,516034.1466,877174.7481,7.935542064437,99.145478585192,-8.9109,12.4025
NKBI341,NKBI,2020-12-06 00:00:00,2020.9316940,341,-1004107.41573,6237146.53681,874718.73483,47,516034.1454,877174.7493,7.935542075427,99.145478574821,-8.8963,12.4170
NKBI366,NKBI,2020-12-31 00:00:00,2021.0000000,366,-1004107.41331,6237146.53784,874718.73510,47,516034.1429,877174.7495,7.935542077049,99.145478551664,-8.8957,12.4177
